,horodate,real_consumption,forecasted_consumption,CAC,AEX,BFX,STOXX,Airliquide,gasNat
0,2021-01-01,219.0,120.0,5573.200195,625.190002,3641.530029,3580.909912,122.727272,2.433
1,2021-01-02,252.0,120.0,5573.200195,625.190002,3641.530029,3580.909912,122.727272,2.433
2,2021-01-03,143.0,120.0,5573.200195,625.190002,3641.530029,3580.909912,122.727272,2.433
3,2021-01-04,196.0,120.0,5614.040039,632.02002,3671.080078,3565.679932,123.590912,2.626
4,2021-01-05,173.7,120.0,5561.600098,629.940002,3645.76001,3554.23999,123.13636,2.599
5,2021-01-06,170.95,120.0,5601.009766,636.570007,3677.100098,3559.810059,123.409088,2.688
6,2021-01-07,175.0,120.0,5651.040039,641.280029,3736.98999,3621.159912,123.909088,2.722
7,2021-01-08,167.0,120.0,5711.580078,643.039978,3762.120117,3632.139893,124.5,2.675
8,2021-01-09,70.0,120.0,5711.580078,643.039978,3762.120117,3632.139893,124.5,2.675
9,2021-01-10,128.82,120.0,5711.580078,643.039978,3762.120117,3632.139893,124.5,2.675
10,2021-01-11,133.87,120.0,5684.660156,645.159973,3749.560059,3636.669922,124.227272,2.6
11,2021-01-12,148.03,120.0,5672.200195,645.950012,3724.139893,3622.370117,124.363632,2.794
12,2021-01-13,61.1,120.0,5648.959961,644.23999,3719.620117,3615.02002,121.909088,2.737
13,2021-01-14,101.49,120.0,5662.169922,650.369995,3729.77002,3619.300049,122.545456,2.742
14,2021-01-15,104.41,120.0,5648.700195,654.390015,3728.379883,3633.409912,121.5,2.672
15,2021-01-16,121.87,120.0,5648.700195,654.390015,3728.379883,3633.409912,121.5,2.672
16,2021-01-17,86.37,120.0,5648.700195,654.390015,3728.379883,3633.409912,121.5,2.672
17,2021-01-18,121.14,120.0,5584.850098,648.849976,3703.419922,3591.22998,119.954544,2.672
18,2021-01-19,143.97,120.0,5647.75,654.549988,3760.080078,3618.030029,121.454544,2.652
19,2021-01-20,120.7,120.0,5615.410156,655.659973,3723.850098,3603.800049,120.227272,2.544
20,2021-01-21,98.43,120.0,5660.27002,663.460022,3775.719971,3637.860107,119.681816,2.532
21,2021-01-22,165.0,120.0,5568.879883,660.150024,3758.0,3611.429932,118.863632,2.492
22,2021-01-23,193.38,120.0,5568.879883,660.150024,3758.0,3611.429932,118.863632,2.492
23,2021-01-24,213.0,120.0,5568.879883,660.150024,3758.0,3611.429932,118.863632,2.492
24,2021-01-25,204.59,120.0,5579.72998,666.940002,3755.620117,3614.719971,120.590912,2.542
25,2021-01-26,153.61,120.0,5473.25,656.580017,3684.919922,3551.209961,119.545456,2.603
26,2021-01-27,216.23,120.0,5517.529785,654.340027,3709.340088,3593.189941,123.181816,2.65
27,2021-01-28,217.16,120.0,5407.740234,639.549988,3597.51001,3519.110107,122.818184,2.675
28,2021-01-29,214.0,120.0,5421.529785,641.330017,3613.02002,3538.629883,122.454544,2.68
29,2021-01-30,198.0,120.0,5421.529785,641.330017,3613.02002,3538.629883,122.454544,2.68
30,2021-01-31,198.0,120.0,5421.529785,641.330017,3613.02002,3538.629883,122.454544,2.68
31,2021-02-01,192.0,120.0,5441.430176,642.659973,3652.290039,3492.860107,124.090912,2.73
32,2021-02-02,212.0,120.0,5510.620117,651.340027,3706.060059,3545.090088,124.090912,2.829
33,2021-02-03,204.76,120.0,5610.589844,658.219971,3796.939941,3599.76001,124.045456,2.827
34,2021-02-04,224.38,120.0,5568.390137,652.530029,3791.75,3604.620117,123.909088,2.776
35,2021-02-05,183.53,120.0,5638.740234,657.700012,3823.840088,3642.689941,123.818184,2.957
36,2021-02-06,230.06,120.0,5638.740234,657.700012,3823.840088,3642.689941,123.818184,2.957
37,2021-02-07,180.79,120.0,5638.740234,657.700012,3823.840088,3642.689941,123.818184,2.957
38,2021-02-08,161.0,120.0,5688.680176,657.72998,3844.080078,3665.77002,124.363632,2.909
39,2021-02-09,140.0,120.0,5703.529785,657.539978,3834.02002,3669.540039,124.090912,2.883
40,2021-02-10,141.0,120.0,5719.319824,660.5,3851.110107,3672.120117,125.454544,2.819
41,2021-02-11,140.46,120.0,5684.939941,659.880005,3809.560059,3654.340088,123.045456,2.975
42,2021-02-12,156.01,120.0,5651.669922,665.159973,3811.280029,3669.040039,122.181816,2.87
43,2021-02-13,172.86,120.0,5651.669922,665.159973,3811.280029,3669.040039,122.181816,2.87
44,2021-02-14,189.48,120.0,5651.669922,665.159973,3811.280029,3669.040039,122.181816,2.87
45,2021-02-15,168.62,120.0,5732.299805,680.429993,3846.300049,3711.350098,122.909088,2.87
46,2021-02-16,174.65,120.0,5796.430176,686.940002,3866.899902,3735.530029,122.13636,3.046
47,2021-02-17,170.0,120.0,5762.009766,686.549988,3855.159912,3720.26001,120.954544,3.098
48,2021-02-18,199.0,120.0,5757.75,681.440002,3837.540039,3700.98999,121.045456,3.267
49,2021-02-19,222.88,120.0,5737.189941,674.450012,3788.570068,3683.379883,121.318184,3.067
50,2021-02-20,191.47,120.0,5737.189941,674.450012,3788.570068,3683.379883,121.318184,3.067
51,2021-02-21,220.93,120.0,5737.189941,674.450012,3788.570068,3683.379883,121.318184,3.067
52,2021-02-22,196.0,120.0,5737.470215,672.159973,3819.060059,3706.070068,120.090912,3.01
53,2021-02-23,178.0,120.0,5781.240234,669.619995,3834.620117,3698.23999,119.363632,2.949
54,2021-02-24,162.08,120.0,5769.209961,662.429993,3817.629883,3684.669922,118.318184,2.866
55,2021-02-25,211.23,120.0,5824.720215,670.22998,3855.76001,3716.669922,117.681816,2.806
56,2021-02-26,223.3,120.0,5715.689941,651.210022,3785.110107,3665.889893,114.545456,2.77
57,2021-02-27,183.1,120.0,5715.689941,651.210022,3785.110107,3665.889893,114.545456,2.77
58,2021-02-28,199.49,120.0,5715.689941,651.210022,3785.110107,3665.889893,114.545456,2.77
59,2021-03-01,206.04,120.0,5770.890137,662.02002,3806.310059,3658.120117,114.318184,2.8
60,2021-03-02,193.07,120.0,5774.620117,662.359985,3805.919922,3702.800049,115.818184,2.783
61,2021-03-03,196.03,120.0,5841.200195,667.599976,3836.139893,3711.389893,115.954544,2.848
62,2021-03-04,197.1,120.0,5800.72998,656.880005,3791.0,3702.370117,114.545456,2.803
63,2021-03-05,190.75,120.0,5794.47998,650.849976,3768.320068,3689.409912,115.818184,2.743
64,2021-03-06,193.11,120.0,5794.47998,650.849976,3768.320068,3689.409912,115.818184,2.743
65,2021-03-07,193.0,120.0,5794.47998,650.849976,3768.320068,3689.409912,115.818184,2.743
66,2021-03-08,195.25,120.0,5822.919922,657.960022,3794.590088,3679.350098,116.090912,2.691
67,2021-03-09,196.04,120.0,5903.259766,665.289978,3856.810059,3759.26001,119.045456,2.662
68,2021-03-10,152.79,120.0,5915.169922,675.299988,3858.48999,3780.26001,119.13636,2.653
69,2021-03-11,180.94,120.0,6004.160156,682.530029,3865.790039,3827.179932,122.181816,2.689
70,2021-03-12,220.0,120.0,6030.629883,679.799988,3846.969971,3840.72998,121.318184,2.669
71,2021-03-13,226.0,120.0,6030.629883,679.799988,3846.969971,3840.72998,121.318184,2.669
72,2021-03-14,223.0,120.0,6030.629883,679.799988,3846.969971,3840.72998,121.318184,2.669
73,2021-03-15,204.0,120.0,6069.089844,678.429993,3865.629883,3840.850098,121.5,2.558
74,2021-03-16,159.2,120.0,6050.399902,682.73999,3886.030029,3842.330078,121.818184,2.494
75,2021-03-17,181.58,120.0,6048.310059,682.219971,3860.840088,3846.580078,123.227272,2.562
76,2021-03-18,195.07,120.0,6076.209961,684.049988,3903.030029,3856.76001,123.590912,2.523
77,2021-03-19,199.32,120.0,6021.129883,675.890015,3880.360107,3851.610107,123.909088,2.489
78,2021-03-20,214.6,120.0,6021.129883,675.890015,3880.360107,3851.610107,123.909088,2.489
79,2021-03-21,212.32,120.0,6021.129883,675.890015,3880.360107,3851.610107,123.909088,2.489
80,2021-03-22,208.0,120.0,5960.850098,678.380005,3864.919922,3828.659912,123.13636,2.507
81,2021-03-23,187.0,120.0,5943.310059,681.190002,3891.060059,3827.540039,124.181816,2.578
82,2021-03-24,185.0,120.0,5901.640137,682.590027,3858.540039,3820.780029,125.590912,2.515
83,2021-03-25,125.0,120.0,5911.040039,684.320007,3848.350098,3822.590088,123.363632,2.52
84,2021-03-26,45.12,120.0,5979.22998,690.690002,3869.169922,3841.459961,124.409088,2.57
85,2021-03-27,47.82,120.0,5979.22998,690.690002,3869.169922,3841.459961,124.409088,2.57
86,2021-03-28,135.0,120.0,5979.22998,690.690002,3869.169922,3841.459961,124.409088,2.57
87,2021-03-29,160.0,120.0,5995.0,697.940002,3882.449951,3871.820068,124.681816,2.563
88,2021-03-30,193.68,120.0,6044.540039,700.820007,3896.719971,3885.110107,126.181816,2.643
89,2021-03-31,184.0,120.0,6085.02002,700.809998,3919.659912,3923.919922,126.409088,2.621
90,2021-04-01,233.0,120.0,6079.669922,707.049988,3910.909912,3922.360107,127.236366,2.605
91,2021-04-02,188.0,120.0,6079.669922,707.049988,3910.909912,3922.360107,127.236366,2.605
92,2021-04-03,120.0,120.0,6079.669922,707.049988,3910.909912,3922.360107,127.236366,2.605
93,2021-04-04,293.0,120.0,6079.669922,707.049988,3910.909912,3922.360107,127.236366,2.605
94,2021-04-05,291.0,120.0,6079.669922,707.049988,3910.909912,3922.360107,127.236366,2.593
95,2021-04-06,227.0,120.0,6155.220215,716.809998,3950.98999,3950.179932,128.0,2.511
96,2021-04-07,213.0,120.0,6137.629883,711.900024,3946.110107,3965.860107,128.0,2.464
97,2021-04-08,255.0,120.0,6153.359863,713.460022,3937.25,3961.0,126.963638,2.51
98,2021-04-09,284.0,120.0,6171.600098,713.460022,3944.97998,3978.840088,127.454544,2.52
99,2021-04-10,224.0,120.0,6171.600098,713.460022,3944.97998,3978.840088,127.454544,2.52
100,2021-04-11,200.0,120.0,6171.600098,713.460022,3944.97998,3978.840088,127.454544,2.52
101,2021-04-12,197.0,120.0,6167.319824,711.940002,3938.080078,3978.540039,128.127274,2.53
102,2021-04-13,193.0,120.0,6171.879883,709.099976,3917.699951,3964.909912,127.727272,2.554
103,2021-04-14,167.0,120.0,6214.490234,708.830017,3918.5,3973.330078,128.454544,2.62
104,2021-04-15,214.0,120.0,6219.040039,713.210022,3948.52002,3978.389893,127.618179,2.617
105,2021-04-16,194.0,120.0,6229.649902,714.47998,3949.800049,3992.560059,128.072723,2.663
106,2021-04-17,226.0,120.0,6229.649902,714.47998,3949.800049,3992.560059,128.072723,2.663
107,2021-04-18,217.0,120.0,6229.649902,714.47998,3949.800049,3992.560059,128.072723,2.663
108,2021-04-19,203.0,120.0,6294.740234,717.049988,3994.850098,4033.590088,128.363632,2.707
109,2021-04-20,240.0,120.0,6281.100098,710.880005,3991.149902,4014.01001,128.27272,2.741
110,2021-04-21,213.0,120.0,6180.689941,707.159973,3965.75,3943.189941,126.945457,2.724
111,2021-04-22,189.0,120.0,6230.209961,712.580017,4010.47998,3979.580078,128.181824,2.696
112,2021-04-23,197.0,120.0,6259.629883,710.47998,4032.530029,4011.100098,128.290909,2.747
113,2021-04-24,220.0,120.0,6259.629883,710.47998,4032.530029,4011.100098,128.290909,2.747
114,2021-04-25,207.0,120.0,6259.629883,710.47998,4032.530029,4011.100098,128.290909,2.747
115,2021-04-26,205.0,120.0,6256.040039,714.97998,4014.97998,4013.070068,128.290909,2.71
116,2021-04-27,201.0,120.0,6273.359863,715.409973,4043.300049,4017.919922,128.781815,2.786
117,2021-04-28,167.0,120.0,6293.209961,713.630005,4036.649902,4011.02002,129.363632,2.873
118,2021-04-29,149.0,120.0,6341.120117,715.780029,4055.620117,4021.439941,128.890915,2.951
119,2021-04-30,188.0,120.0,6316.319824,710.580017,4045.389893,3993.189941,129.199997,2.906
120,2021-05-01,163.0,120.0,6316.319824,710.580017,4045.389893,3993.189941,129.199997,2.906
121,2021-05-02,224.0,120.0,6316.319824,710.580017,4045.389893,3993.189941,129.199997,2.906
122,2021-05-03,188.0,120.0,6285.509766,709.929993,4016.399902,3979.5,127.836365,2.938
123,2021-05-04,203.0,120.0,6319.490234,714.02002,4017.409912,4001.129883,127.781815,2.961
124,2021-05-05,198.0,120.0,6284.540039,703.780029,3989.889893,3927.290039,127.818184,2.975
125,2021-05-06,217.0,120.0,6348.899902,714.590027,4027.22998,3997.699951,128.454544,2.948
126,2021-05-07,214.0,120.0,6388.919922,717.320007,4038.600098,3999.929932,130.800003,2.93
127,2021-05-08,210.0,120.0,6388.919922,717.320007,4038.600098,3999.929932,130.800003,2.93
128,2021-05-09,203.0,120.0,6388.919922,717.320007,4038.600098,3999.929932,130.800003,2.93
129,2021-05-10,210.0,120.0,6395.379883,718.47998,4056.929932,4031.98999,130.490906,2.97
130,2021-05-11,209.0,120.0,6314.27002,700.609985,4004.399902,4020.48999,129.27272,2.927
131,2021-05-12,112.0,120.0,6259.629883,696.51001,4002.360107,3947.649902,127.709091,2.953
132,2021-05-13,156.0,120.0,6219.72998,686.859985,4002.129883,3947.649902,126.872726,2.983
133,2021-05-14,104.0,120.0,6335.819824,700.289978,4061.560059,3970.76001,129.600006,2.977
134,2021-05-15,124.0,120.0,6335.819824,700.289978,4061.560059,3970.76001,129.600006,2.977
135,2021-05-16,97.0,120.0,6335.819824,700.289978,4061.560059,3970.76001,129.600006,2.977
136,2021-05-17,17.0,120.0,6397.220215,704.820007,4063.709961,4018.159912,127.181816,3.019
137,2021-05-18,7.0,120.0,6406.180176,709.400024,4096.040039,4014.679932,127.363632,3.121
138,2021-05-19,2.0,120.0,6292.049805,697.340027,4036.370117,3995.699951,125.036362,3.009
139,2021-05-20,0.0,120.0,6296.25,697.400024,4019.129883,3948.629883,125.909088,2.962
140,2021-05-21,5.0,120.0,6360.879883,705.77002,4051.060059,4001.530029,126.963638,2.948
141,2021-05-22,1.0,120.0,6360.879883,705.77002,4051.060059,4001.530029,126.963638,2.948
142,2021-05-23,1.0,120.0,6360.879883,705.77002,4051.060059,4001.530029,126.963638,2.948
143,2021-05-24,3.0,120.0,6395.959961,707.909973,4071.590088,4001.530029,127.727272,2.85
144,2021-05-25,2.0,120.0,6416.609863,713.789978,4070.370117,4042.48999,128.490906,2.886
145,2021-05-26,2.0,120.0,6403.950195,714.320007,4071.080078,4039.570068,129.0,2.946
146,2021-05-27,0.0,120.0,6379.830078,708.880005,4052.889893,4028.75,127.30909,3.021
147,2021-05-28,0.0,120.0,6453.120117,709.409973,4072.73999,4042.370117,127.0,2.963
148,2021-05-29,1.0,120.0,6453.120117,709.409973,4072.73999,4042.370117,127.0,2.963
149,2021-05-30,0.0,120.0,6453.120117,709.409973,4072.73999,4042.370117,127.0,2.963
150,2021-05-31,1.0,120.0,6483.319824,712.539978,4086.850098,4068.110107,126.69091,2.963
151,2021-06-01,3.0,120.0,6470.419922,712.809998,4077.659912,4044.070068,126.745453,3.103
152,2021-06-02,1.0,120.0,6489.899902,715.929993,4087.189941,4072.100098,127.127274,3.093
153,2021-06-03,0.0,120.0,6518.580078,718.23999,4088.540039,4088.949951,127.400002,3.073
154,2021-06-04,2.0,120.0,6514.27002,717.150024,4079.699951,4079.290039,127.872726,3.063
155,2021-06-05,64.0,120.0,6514.27002,717.150024,4079.699951,4079.290039,127.872726,3.063
156,2021-06-06,67.0,120.0,6514.27002,717.150024,4079.699951,4079.290039,127.872726,3.063
157,2021-06-07,75.0,120.0,6509.97998,719.869995,4059.389893,4089.27002,128.0,3.109
158,2021-06-08,40.0,120.0,6545.689941,719.309998,4106.560059,4098.629883,128.527267,3.092
159,2021-06-09,63.0,120.0,6561.930176,719.890015,4109.709961,4095.139893,128.181824,3.128
160,2021-06-10,44.0,120.0,6574.589844,723.659973,4155.47998,4099.069824,128.927277,3.154
161,2021-06-11,93.0,120.0,6550.299805,726.700012,4183.77002,4098.040039,128.418182,3.153
162,2021-06-12,73.0,120.0,6550.299805,726.700012,4183.77002,4098.040039,128.418182,3.153
163,2021-06-13,116.0,120.0,6550.299805,726.700012,4183.77002,4098.040039,128.418182,3.153
164,2021-06-14,167.0,120.0,6625.549805,730.97998,4202.689941,4134.790039,128.236359,3.315
165,2021-06-15,207.0,120.0,6643.419922,733.969971,4233.589844,4144.799805,130.0,3.351
166,2021-06-16,207.0,120.0,6657.52002,732.679993,4219.540039,4145.5,131.636368,3.222
167,2021-06-17,207.0,120.0,6636.700195,728.75,4204.120117,4144.910156,132.545456,3.244
168,2021-06-18,207.0,120.0,6657.22998,733.169983,4196.370117,4155.779785,132.672729,3.218
169,2021-06-19,207.0,120.0,6657.22998,733.169983,4196.370117,4155.779785,132.672729,3.218
170,2021-06-20,207.0,120.0,6657.22998,733.169983,4196.370117,4155.779785,132.672729,3.218
171,2021-06-21,207.0,120.0,6525.029785,715.159973,4116.390137,4079.419922,131.94545,3.206
172,2021-06-22,207.0,120.0,6609.97998,724.349976,4160.310059,4112.339844,134.872726,3.198
173,2021-06-23,207.0,120.0,6616.72998,731.570007,4155.450195,4126.100098,137.199997,3.257
174,2021-06-24,159.0,120.0,6576.069824,728.080017,4124.75,4083.050049,135.727264,3.316
175,2021-06-25,238.0,120.0,6637.680176,734.01001,4154.580078,4123.939941,136.94545,3.425
176,2021-06-26,195.0,120.0,6637.680176,734.01001,4154.580078,4123.939941,136.94545,3.425
177,2021-06-27,196.0,120.0,6637.680176,734.01001,4154.580078,4123.939941,136.94545,3.425
178,2021-06-28,203.0,120.0,6611.990234,730.409973,4176.060059,4119.870117,136.27272,3.525
179,2021-06-29,155.0,120.0,6564.069824,731.469971,4154.859863,4092.300049,135.527267,3.583
180,2021-06-30,216.0,120.0,6562.169922,734.5,4155.810059,4104.75,134.690903,3.651
181,2021-07-01,167.0,120.0,6549.819824,734.710022,4144.319824,4068.199951,134.672729,3.746
182,2021-07-02,204.0,120.0,6572.0,734.080017,4188.47998,4082.699951,134.836365,3.663
183,2021-07-03,180.0,120.0,6572.0,734.080017,4188.47998,4082.699951,134.836365,3.663
184,2021-07-04,221.0,120.0,6572.0,734.080017,4188.47998,4082.699951,134.836365,3.663
185,2021-07-05,183.0,120.0,6545.97998,732.169983,4181.330078,4081.080078,134.581818,3.663
186,2021-07-06,148.0,120.0,6551.0,733.25,4165.759766,4087.5,134.018188,3.704
187,2021-07-07,203.0,120.0,6529.490234,733.98999,4171.779785,4055.639893,133.909088,3.673
188,2021-07-08,166.0,120.0,6479.399902,732.599976,4155.709961,4070.73999,134.109085,3.579
189,2021-07-09,206.0,120.0,6435.290039,726.940002,4145.870117,3996.719971,133.036362,3.686
190,2021-07-10,208.0,120.0,6435.290039,726.940002,4145.870117,3996.719971,133.036362,3.686
191,2021-07-11,221.0,120.0,6435.290039,726.940002,4145.870117,3996.719971,133.036362,3.686
192,2021-07-12,228.0,120.0,6525.109863,731.919983,4190.009766,4068.639893,134.254547,3.673
193,2021-07-13,173.0,120.0,6561.740234,741.219971,4215.339844,4094.26001,136.181824,3.744
194,2021-07-14,244.0,120.0,6533.799805,740.960022,4200.459961,4088.100098,136.072723,3.694
195,2021-07-15,273.0,120.0,6538.410156,741.090027,4175.910156,4096.0,136.0,3.67
196,2021-07-16,195.0,120.0,6524.950195,740.369995,4163.279785,4060.219971,136.509094,3.617
197,2021-07-17,201.0,120.0,6524.950195,740.369995,4163.279785,4060.219971,136.509094,3.617
198,2021-07-18,191.0,120.0,6524.950195,740.369995,4163.279785,4060.219971,136.509094,3.617
199,2021-07-19,197.0,120.0,6398.839844,729.619995,4133.569824,4018.909912,134.872726,3.703
200,2021-07-20,205.0,120.0,6325.160156,723.530029,4102.830078,3937.399902,134.090912,3.772
201,2021-07-21,198.0,120.0,6382.359863,728.23999,4135.950195,3973.899902,134.709091,3.927
202,2021-07-22,205.0,120.0,6498.310059,735.880005,4215.910156,4037.939941,135.854538,3.922
203,2021-07-23,253.0,120.0,6518.600098,741.609985,4236.200195,4066.699951,136.090912,3.996
204,2021-07-24,256.0,120.0,6518.600098,741.609985,4236.200195,4066.699951,136.090912,3.996
205,2021-07-25,260.0,120.0,6518.600098,741.609985,4236.200195,4066.699951,136.090912,3.996
206,2021-07-26,220.0,120.0,6532.009766,744.359985,4216.700195,4103.5,136.363632,4.025
207,2021-07-27,198.0,120.0,6565.189941,740.719971,4225.689941,4099.799805,135.036362,4.095
208,2021-07-28,174.0,120.0,6547.470215,739.190002,4214.109863,4067.840088,136.27272,3.947
209,2021-07-29,226.0,120.0,6647.080078,750.960022,4218.660156,4104.97998,134.454544,3.941
210,2021-07-30,237.0,120.0,6608.160156,752.159973,4195.470215,4113.109863,132.363632,4.051
211,2021-07-31,237.0,120.0,6608.160156,752.159973,4195.470215,4113.109863,132.363632,4.051
212,2021-08-01,235.0,120.0,6608.160156,752.159973,4195.470215,4113.109863,132.363632,4.051
213,2021-08-02,217.0,120.0,6657.950195,760.47998,4220.959961,4095.5,134.145447,3.973
214,2021-08-03,168.0,120.0,6692.600098,755.809998,4221.310059,4114.52002,131.818176,3.959
215,2021-08-04,206.0,120.0,6751.149902,763.659973,4253.959961,4124.330078,132.727264,4.066
216,2021-08-05,202.0,120.0,6750.859863,763.859985,4255.180176,4141.299805,132.509094,4.152
217,2021-08-06,182.0,120.0,6772.490234,768.030029,4287.640137,4159.040039,133.290909,4.159
218,2021-08-07,215.0,120.0,6772.490234,768.030029,4287.640137,4159.040039,133.290909,4.159
219,2021-08-08,243.0,120.0,6772.490234,768.030029,4287.640137,4159.040039,133.290909,4.159
220,2021-08-09,168.0,120.0,6818.540039,766.700012,4297.850098,4175.569824,133.909088,4.168
221,2021-08-10,182.0,120.0,6817.629883,773.539978,4320.399902,4178.589844,134.309097,4.039
222,2021-08-11,216.0,120.0,6840.279785,776.599976,4333.859863,4189.629883,134.94545,4.11
223,2021-08-12,190.0,120.0,6861.439941,775.159973,4336.899902,4205.740234,135.454544,4.057
224,2021-08-13,213.0,120.0,6888.47998,773.849976,4342.52002,4225.72998,134.727264,3.915
225,2021-08-14,207.0,120.0,6888.47998,773.849976,4342.52002,4225.72998,134.727264,3.915
226,2021-08-15,192.0,120.0,6888.47998,773.849976,4342.52002,4225.72998,134.727264,3.915
227,2021-08-16,213.0,120.0,6849.680176,769.640015,4334.569824,4219.790039,134.727264,3.846
228,2021-08-17,187.0,120.0,6812.419922,766.929993,4322.180176,4197.850098,134.927277,3.938
229,2021-08-18,184.0,120.0,6824.640137,770.97998,4321.109863,4197.319824,135.909088,3.826
230,2021-08-19,158.0,120.0,6665.120117,761.219971,4294.060059,4183.740234,136.363632,3.826
231,2021-08-20,182.0,120.0,6602.950195,766.090027,4266.350098,4125.299805,137.909088,3.863
232,2021-08-21,195.0,120.0,6602.950195,766.090027,4266.350098,4125.299805,137.909088,3.863
233,2021-08-22,210.0,120.0,6602.950195,766.090027,4266.350098,4125.299805,137.909088,3.863
234,2021-08-23,198.0,120.0,6699.319824,777.140015,4300.779785,4160.759766,138.181824,3.862
235,2021-08-24,177.0,120.0,6717.77002,785.02002,4334.649902,4182.680176,137.854538,3.929
236,2021-08-25,170.0,120.0,6683.180176,783.559998,4335.0,4178.169922,136.690903,3.9
237,2021-08-26,227.0,120.0,6646.370117,778.190002,4306.169922,4172.319824,135.854538,3.917
238,2021-08-27,174.0,120.0,6658.27002,780.409973,4298.72998,4167.390137,136.618179,4.202
239,2021-08-28,179.0,120.0,6658.27002,780.409973,4298.72998,4167.390137,136.618179,4.202
240,2021-08-29,205.0,120.0,6658.27002,780.409973,4298.72998,4167.390137,136.618179,4.202
241,2021-08-30,211.0,120.0,6690.279785,788.320007,4321.22998,4191.990234,137.27272,4.499
242,2021-08-31,224.0,120.0,6692.850098,791.27002,4317.950195,4201.77002,138.454544,4.312
243,2021-09-01,178.0,120.0,6736.439941,793.390015,4324.47998,4207.0,138.781815,4.403
244,2021-09-02,153.0,120.0,6753.180176,789.109985,4323.72998,4225.029785,138.636368,4.639
245,2021-09-03,158.0,120.0,6758.379883,793.22998,4329.879883,4234.259766,138.181824,4.627
246,2021-09-04,154.0,120.0,6758.379883,793.22998,4329.879883,4234.259766,138.181824,4.627
247,2021-09-05,154.0,120.0,6758.379883,793.22998,4329.879883,4234.259766,138.181824,4.627
248,2021-09-06,163.0,120.0,6704.350098,792.789978,4310.600098,4204.069824,137.399994,4.627
249,2021-09-07,171.0,120.0,6731.359863,798.049988,4305.810059,4244.399902,137.509094,4.71
250,2021-09-08,197.0,120.0,6688.839844,789.830017,4271.740234,4219.819824,136.472733,4.598
251,2021-09-09,175.0,120.0,6618.819824,785.109985,4193.819824,4171.459961,135.654541,4.917
252,2021-09-10,194.0,120.0,6707.330078,790.289978,4220.490234,4184.049805,136.636368,5.002
253,2021-09-11,235.0,120.0,6707.330078,790.289978,4220.490234,4184.049805,136.636368,5.002
254,2021-09-12,185.0,120.0,6707.330078,790.289978,4220.490234,4184.049805,136.636368,5.002
255,2021-09-13,200.0,120.0,6688.77002,789.48999,4191.72998,4174.669922,136.145447,4.945
256,2021-09-14,202.0,120.0,6672.189941,792.650024,4186.549805,4188.350098,135.909088,5.199
257,2021-09-15,214.0,120.0,6654.830078,798.76001,4170.560059,4188.919922,135.290909,5.28
258,2021-09-16,119.0,120.0,6613.709961,797.099976,4141.779785,4151.629883,134.690903,5.41
259,2021-09-17,152.0,120.0,6679.450195,803.669983,4174.700195,4180.279785,135.018188,5.27
260,2021-09-18,205.0,120.0,6679.450195,803.669983,4174.700195,4180.279785,135.018188,5.27
261,2021-09-19,217.0,120.0,6679.450195,803.669983,4174.700195,4180.279785,135.018188,5.27
262,2021-09-20,190.0,120.0,6450.390137,779.799988,4085.879883,4102.189941,129.818176,5.015
263,2021-09-21,231.0,120.0,6513.75,781.97998,4074.73999,4049.689941,128.909088,4.962
264,2021-09-22,227.0,120.0,6612.100098,790.25,4138.959961,4104.430176,131.745453,4.811
265,2021-09-23,204.0,120.0,6691.080078,799.150024,4163.879883,4158.209961,131.890915,4.758
266,2021-09-24,221.0,120.0,6675.72998,797.76001,4166.890137,4188.430176,131.309097,5.036
267,2021-09-25,229.0,120.0,6675.72998,797.76001,4166.890137,4188.430176,131.309097,5.036
268,2021-09-26,227.0,120.0,6675.72998,797.76001,4166.890137,4188.430176,131.309097,5.036
269,2021-09-27,232.0,120.0,6683.850098,798.48999,4166.339844,4164.629883,132.072723,5.191
270,2021-09-28,199.0,120.0,6634.720215,787.02002,4174.180176,4160.470215,129.600006,5.8
271,2021-09-29,198.0,120.0,6549.410156,775.679993,4134.129883,4070.449951,128.109085,5.857
272,2021-09-30,177.0,120.0,6615.990234,782.669983,4151.600098,4089.159912,127.563637,5.457
273,2021-10-01,118.0,120.0,6421.100098,761.820007,4102.859863,4037.159912,125.181816,5.975
274,2021-10-02,127.0,120.0,6421.100098,761.820007,4102.859863,4037.159912,125.181816,5.975
275,2021-10-03,147.0,120.0,6421.100098,761.820007,4102.859863,4037.159912,125.181816,5.975
276,2021-10-04,135.0,120.0,6484.899902,762.26001,4123.879883,4026.699951,126.909088,5.628
277,2021-10-05,135.0,120.0,6481.720215,758.840027,4121.620117,4002.610107,126.363632,5.83
278,2021-10-06,147.0,120.0,6509.600098,763.48999,4115.040039,4049.639893,125.854546,6.321
279,2021-10-07,135.0,120.0,6563.240234,771.179993,4136.549805,4037.47998,126.218178,5.71
280,2021-10-08,135.0,120.0,6609.509766,777.450012,4149.970215,4097.120117,127.963638,5.761
281,2021-10-09,136.0,120.0,6609.509766,777.450012,4149.970215,4097.120117,127.963638,5.761
282,2021-10-10,136.0,120.0,6609.509766,777.450012,4149.970215,4097.120117,127.963638,5.761
283,2021-10-11,141.0,120.0,6546.069824,771.580017,4132.930176,4071.149902,126.363632,5.695
284,2021-10-12,175.0,120.0,6495.149902,763.890015,4120.310059,4058.540039,124.672729,5.408
285,2021-10-13,129.0,120.0,6539.609863,769.590027,4152.149902,4052.47998,125.69091,5.456
286,2021-10-14,99.0,120.0,6651.180176,785.080017,4186.930176,4088.139893,129.27272,5.676
287,2021-10-15,200.0,120.0,6714.259766,796.640015,4215.77002,4160.040039,130.090912,5.641
288,2021-10-16,173.0,120.0,6714.259766,796.640015,4215.77002,4160.040039,130.090912,5.641
289,2021-10-17,184.0,120.0,6714.259766,796.640015,4215.77002,4160.040039,130.090912,5.641
290,2021-10-18,159.0,120.0,6697.290039,797.039978,4174.180176,4177.72998,130.363632,5.299
291,2021-10-19,188.0,120.0,6690.950195,800.0,4183.939941,4159.220215,130.27272,4.985
292,2021-10-20,183.0,120.0,6636.609863,798.72998,4202.330078,4164.5,130.145447,5.066
293,2021-10-21,98.0,120.0,6673.140137,801.22998,4190.549805,4163.620117,130.345459,5.151
294,2021-10-22,149.0,120.0,6720.919922,812.5,4203.589844,4158.439941,130.727264,5.196
295,2021-10-23,176.0,120.0,6720.919922,812.5,4203.589844,4158.439941,130.727264,5.196
296,2021-10-24,234.0,120.0,6720.919922,812.5,4203.589844,4158.439941,130.727264,5.196
297,2021-10-25,172.0,120.0,6752.97998,815.52002,4224.040039,4194.839844,130.781815,5.468
298,2021-10-26,185.0,120.0,6723.060059,813.440002,4217.060059,4187.549805,130.05455,5.959
299,2021-10-27,172.0,120.0,6755.629883,816.030029,4212.290039,4220.740234,130.454544,5.946
300,2021-10-28,203.0,120.0,6750.779785,812.809998,4225.290039,4220.740234,130.927277,6.138
301,2021-10-29,164.0,120.0,6778.790039,804.460022,4268.970215,4228.72998,129.818176,5.732
302,2021-10-30,198.0,120.0,6778.790039,804.460022,4268.970215,4228.72998,129.818176,5.732
303,2021-10-31,200.0,120.0,6778.790039,804.460022,4268.970215,4228.72998,129.818176,5.732
304,2021-11-01,210.0,120.0,6870.279785,815.25,4297.899902,4256.930176,131.472733,5.31
305,2021-11-02,171.0,120.0,6883.060059,809.210022,4301.620117,4276.720215,132.090912,5.22
306,2021-11-03,173.0,120.0,6919.470215,811.280029,4326.580078,4292.589844,132.727264,5.553
307,2021-11-04,155.0,120.0,6977.620117,820.710022,4387.689941,4314.509766,134.927277,5.86
308,2021-11-05,149.0,120.0,6983.799805,820.150024,4395.319824,4330.140137,135.836365,5.67
309,2021-11-06,163.0,120.0,6983.799805,820.150024,4395.319824,4330.140137,135.836365,5.67
310,2021-11-07,180.0,120.0,6983.799805,820.150024,4395.319824,4330.140137,135.836365,5.67
311,2021-11-08,182.0,120.0,7041.600098,818.219971,4387.060059,4359.740234,136.309097,5.605
312,2021-11-09,182.0,120.0,7023.580078,815.27002,4383.810059,4346.620117,136.727264,5.41
313,2021-11-10,179.0,120.0,7046.169922,817.080017,4390.549805,4349.799805,137.636368,4.962
314,2021-11-11,179.0,120.0,7038.839844,812.219971,4371.5,4347.259766,138.454544,4.917
315,2021-11-12,129.0,120.0,7062.540039,815.380005,4365.27002,4357.899902,138.254547,5.129
316,2021-11-13,124.0,120.0,7062.540039,815.380005,4365.27002,4357.899902,138.254547,5.129
317,2021-11-14,122.0,120.0,7062.540039,815.380005,4365.27002,4357.899902,138.254547,5.129
318,2021-11-15,100.0,120.0,7090.959961,820.919983,4292.899902,4364.52002,139.109085,4.903
319,2021-11-16,142.0,120.0,7146.370117,825.710022,4324.950195,4393.799805,137.672729,5.058
320,2021-11-17,172.0,120.0,7149.299805,827.380005,4294.029785,4399.25,137.090912,5.159
321,2021-11-18,196.0,120.0,7155.049805,826.219971,4291.22998,4400.72998,137.909088,4.896
322,2021-11-19,168.0,120.0,7172.720215,825.280029,4282.089844,4385.660156,138.636368,4.895
323,2021-11-20,172.0,120.0,7172.720215,825.280029,4282.089844,4385.660156,138.636368,4.895
324,2021-11-21,196.0,120.0,7172.720215,825.280029,4282.089844,4385.660156,138.636368,4.895
325,2021-11-22,179.0,120.0,7130.240234,824.25,4233.450195,4361.950195,139.290909,4.91
326,2021-11-23,170.0,120.0,7064.379883,807.5,4178.419922,4320.410156,139.036362,4.796
327,2021-11-24,172.0,120.0,7052.180176,804.97998,4159.060059,4284.600098,137.327271,4.992
328,2021-11-25,189.0,120.0,7067.609863,806.919983,4212.240234,4286.629883,137.909088,4.992
329,2021-11-26,180.0,120.0,6814.899902,782.27002,4111.640137,4213.930176,134.236359,5.025
330,2021-11-27,169.0,120.0,6814.899902,782.27002,4111.640137,4213.930176,134.236359,5.025
331,2021-11-28,183.0,120.0,6814.899902,782.27002,4111.640137,4213.930176,134.236359,5.025
332,2021-11-29,171.0,120.0,6831.410156,791.630005,4165.140137,4117.790039,135.800003,5.199
333,2021-11-30,157.0,120.0,6679.029785,778.570007,4094.610107,4089.51001,132.345459,4.873
334,2021-12-01,171.0,120.0,6774.799805,783.840027,4136.25,4080.850098,133.490906,4.606
335,2021-12-02,176.0,120.0,6794.77002,779.789978,4146.879883,4157.700195,133.854538,4.265
336,2021-12-03,162.0,120.0,6860.72998,784.799988,4181.129883,4118.97998,133.418182,4.105
337,2021-12-04,148.0,120.0,6860.72998,784.799988,4181.129883,4118.97998,133.418182,4.105
338,2021-12-05,117.0,120.0,6860.72998,784.799988,4181.129883,4118.97998,133.418182,4.105
339,2021-12-06,143.0,120.0,6810.930176,778.22998,4145.640137,4095.389893,133.199997,3.826
340,2021-12-07,86.0,120.0,6934.680176,789.950012,4211.839844,4157.720215,137.27272,3.68
341,2021-12-08,73.0,120.0,7064.120117,805.070007,4210.580078,4273.319824,140.818176,3.734
342,2021-12-09,78.0,120.0,7035.930176,800.22998,4205.629883,4242.660156,141.636368,3.818
343,2021-12-10,91.0,120.0,6960.390137,786.049988,4171.660156,4198.180176,140.127274,3.798
344,2021-12-11,88.0,120.0,6960.390137,786.049988,4171.660156,4198.180176,140.127274,3.798
345,2021-12-12,118.0,120.0,6960.390137,786.049988,4171.660156,4198.180176,140.127274,3.798
346,2021-12-13,173.0,120.0,7004.759766,791.409973,4166.359863,4206.450195,140.745453,3.975
347,2021-12-14,141.0,120.0,6978.77002,786.609985,4163.870117,4198.899902,141.490906,3.802
348,2021-12-15,177.0,120.0,6923.52002,778.349976,4104.839844,4147.160156,139.018188,3.785
349,2021-12-16,134.0,120.0,7054.919922,791.109985,4188.600098,4198.25,142.109085,3.814
350,2021-12-17,126.0,120.0,6982.069824,776.580017,4151.189941,4195.939941,141.0,3.783
351,2021-12-18,154.0,120.0,6982.069824,776.580017,4151.189941,4195.939941,141.0,3.783
352,2021-12-19,198.0,120.0,6982.069824,776.580017,4151.189941,4195.939941,141.0,3.783
353,2021-12-20,147.0,120.0,6783.830078,757.25,4101.089844,4140.330078,136.454544,3.645
354,2021-12-21,113.0,120.0,6935.660156,771.539978,4196.379883,4120.47998,137.94545,3.84
355,2021-12-22,158.0,120.0,6982.529785,777.630005,4228.350098,4180.890137,136.472733,3.87
356,2021-12-23,162.0,120.0,7071.930176,787.549988,4246.970215,4221.899902,137.163635,3.97
357,2021-12-24,174.0,120.0,7091.600098,791.840027,4263.52002,4221.899902,137.745453,3.97
358,2021-12-25,178.0,120.0,7091.600098,791.840027,4263.52002,4221.899902,137.745453,3.97
359,2021-12-26,233.0,120.0,7091.600098,791.840027,4263.52002,4221.899902,137.745453,3.97
360,2021-12-27,261.0,120.0,7070.140137,788.840027,4261.279785,4249.899902,136.836365,3.958
361,2021-12-28,208.0,120.0,7141.850098,796.98999,4284.52002,4290.540039,138.509094,4.065
362,2021-12-29,251.0,120.0,7179.109863,801.5,4304.370117,4311.129883,139.618179,4.08
363,2021-12-30,207.0,120.0,7167.529785,797.679993,4299.149902,4286.629883,139.109085,3.853
364,2021-12-31,174.0,120.0,7153.660156,799.650024,4305.439941,4286.629883,138.94545,3.589
365,2022-01-01,212.0,120.0,7153.660156,799.650024,4305.439941,4286.629883,138.94545,3.589
366,2022-01-02,208.0,120.0,7153.660156,799.650024,4305.439941,4286.629883,138.94545,3.589
367,2022-01-03,218.0,120.0,7197.399902,802.5,4325.279785,4303.939941,140.181824,3.702
368,2022-01-04,190.0,120.0,7273.569824,808.76001,4355.209961,4346.450195,141.199997,3.817
369,2022-01-05,193.0,120.0,7320.47998,802.5,4361.720215,4368.779785,142.94545,3.747
370,2022-01-06,214.0,120.0,7264.0,786.919983,4297.439941,4372.450195,144.0,3.842
371,2022-01-07,202.0,120.0,7250.790039,788.950012,4309.790039,4331.069824,142.018188,3.86
372,2022-01-08,214.0,120.0,7250.790039,788.950012,4309.790039,4331.069824,142.018188,3.86
373,2022-01-09,200.0,120.0,7250.790039,788.950012,4309.790039,4331.069824,142.018188,3.86
374,2022-01-10,166.0,120.0,7245.209961,792.099976,4298.060059,4312.129883,143.018188,4.144
375,2022-01-11,165.0,120.0,7185.209961,781.890015,4274.259766,4251.799805,142.727264,4.119
376,2022-01-12,188.0,120.0,7235.470215,788.659973,4278.890137,4306.25,143.527267,4.225
377,2022-01-13,196.0,120.0,7215.47998,789.73999,4232.850098,4319.259766,143.836365,4.791
378,2022-01-14,206.0,120.0,7132.589844,783.140015,4234.370117,4307.47998,142.090912,4.263
379,2022-01-15,226.0,120.0,7132.589844,783.140015,4234.370117,4307.47998,142.090912,4.263
380,2022-01-16,208.0,120.0,7132.589844,783.140015,4234.370117,4307.47998,142.090912,4.263
381,2022-01-17,185.0,120.0,7167.529785,782.02002,4247.049805,4281.310059,140.981812,4.263
382,2022-01-18,183.0,120.0,7172.430176,776.570007,4239.430176,4293.580078,141.109085,4.356
383,2022-01-19,200.0,120.0,7104.109863,763.02002,4200.589844,4249.399902,139.236359,4.327
384,2022-01-20,206.0,120.0,7190.02002,776.090027,4206.209961,4271.25,141.27272,4.015
385,2022-01-21,232.0,120.0,7088.439941,763.77002,4174.890137,4278.180176,141.236359,3.838
386,2022-01-22,183.0,120.0,7088.439941,763.77002,4174.890137,4278.180176,141.236359,3.838
387,2022-01-23,226.0,120.0,7088.439941,763.77002,4174.890137,4278.180176,141.236359,3.838
388,2022-01-24,170.0,120.0,7014.839844,761.039978,4119.310059,4213.830078,140.618179,3.915
389,2022-01-25,198.0,120.0,6870.27002,746.619995,4014.790039,4078.810059,138.927277,3.959
390,2022-01-26,173.0,120.0,6901.740234,746.340027,4057.25,4096.509766,138.690903,4.04
391,2022-01-27,201.0,120.0,6879.640137,737.359985,4040.550049,4144.779785,138.090912,4.23
392,2022-01-28,204.0,120.0,7043.430176,749.210022,4093.699951,4174.569824,138.381821,4.342
393,2022-01-29,197.0,120.0,7043.430176,749.210022,4093.699951,4174.569824,138.381821,4.342
394,2022-01-30,190.0,120.0,7043.430176,749.210022,4093.699951,4174.569824,138.381821,4.342
395,2022-01-31,194.0,120.0,7039.709961,754.330017,4089.909912,4161.77002,138.690903,4.867
396,2022-02-01,195.0,120.0,7052.299805,761.909973,4094.139893,4184.629883,138.290909,4.921
397,2022-02-02,209.0,120.0,7117.450195,768.76001,4137.540039,4242.740234,139.545456,4.893
398,2022-02-03,229.0,120.0,7115.299805,763.900024,4115.790039,4215.410156,140.290909,5.42
399,2022-02-04,215.0,120.0,7049.799805,753.73999,4080.959961,4154.75,137.236359,4.929
400,2022-02-05,199.0,120.0,7049.799805,753.73999,4080.959961,4154.75,137.236359,4.929
401,2022-02-06,198.0,120.0,7049.799805,753.73999,4080.959961,4154.75,137.236359,4.929
402,2022-02-07,209.0,120.0,6987.169922,750.22998,4048.360107,4101.890137,134.309097,4.384
403,2022-02-08,216.0,120.0,7008.200195,755.23999,4039.030029,4117.209961,133.509094,4.276
404,2022-02-09,246.0,120.0,7086.339844,765.51001,4084.790039,4140.410156,133.090912,4.211
405,2022-02-10,235.0,120.0,7141.689941,765.789978,4126.77002,4208.200195,132.872726,4.035
406,2022-02-11,249.0,120.0,7025.5,754.02002,4093.01001,4170.72998,133.490906,3.944
407,2022-02-12,226.0,120.0,7025.5,754.02002,4093.01001,4170.72998,133.490906,3.944
408,2022-02-13,207.0,120.0,7025.5,754.02002,4093.01001,4170.72998,133.490906,3.944
409,2022-02-14,201.0,120.0,6868.069824,748.960022,4010.98999,4125.310059,129.181824,4.103
410,2022-02-15,177.0,120.0,6830.740234,745.48999,3987.629883,4059.25,129.090912,4.183
411,2022-02-16,176.0,120.0,7009.689941,757.429993,4092.5,4149.560059,135.327271,4.393
412,2022-02-17,215.0,120.0,6999.129883,759.47998,4115.169922,4139.879883,135.763641,4.642
413,2022-02-18,184.0,120.0,6951.830078,751.27002,4068.429932,4107.720215,136.509094,4.517
414,2022-02-19,229.0,120.0,6951.830078,751.27002,4068.429932,4107.720215,136.509094,4.517
415,2022-02-20,203.0,120.0,6951.830078,751.27002,4068.429932,4107.720215,136.509094,4.517
416,2022-02-21,205.0,120.0,6984.310059,747.27002,4066.649902,4090.709961,138.05455,4.517
417,2022-02-22,208.0,120.0,6633.740234,714.76001,3881.889893,3960.199951,130.454544,4.594
418,2022-02-23,200.0,120.0,6801.660156,734.179993,3976.159912,3991.659912,133.927277,4.504
419,2022-02-24,201.0,120.0,6496.25,701.840027,3850.26001,3939.51001,130.454544,4.603
420,2022-02-25,180.0,120.0,6571.950195,714.289978,3940.800049,3836.850098,131.94545,4.573
421,2022-02-26,166.0,120.0,6571.950195,714.289978,3940.800049,3836.850098,131.94545,4.573
422,2022-02-27,163.0,120.0,6571.950195,714.289978,3940.800049,3836.850098,131.94545,4.573
423,2022-02-28,171.0,120.0,6620.47998,716.76001,3983.610107,3940.98999,132.781815,4.62
424,2022-03-01,168.0,100.0,6646.160156,728.52002,4014.620117,3920.030029,134.399994,4.408
425,2022-03-02,199.0,100.0,6359.97998,711.539978,3934.709961,3755.27002,134.145447,4.6
426,2022-03-03,169.0,100.0,6488.25,721.190002,3943.02002,3819.139893,134.800003,4.795
427,2022-03-04,234.0,100.0,6308.339844,700.140015,3840.98999,3723.969971,133.345459,4.75
428,2022-03-05,181.0,100.0,6308.339844,700.140015,3840.98999,3723.969971,133.345459,4.75
429,2022-03-06,194.0,100.0,6308.339844,700.140015,3840.98999,3723.969971,133.345459,4.75
430,2022-03-07,192.0,100.0,5887.830078,660.349976,3665.189941,3529.570068,127.272728,5.041
431,2022-03-08,195.0,100.0,5906.620117,660.72998,3660.580078,3489.159912,126.709091,4.818
432,2022-03-09,212.0,100.0,6131.279785,670.47998,3758.27002,3548.48999,126.69091,4.569
433,2022-03-10,179.0,100.0,6376.569824,687.22998,3896.929932,3764.639893,133.381821,4.52
434,2022-03-11,181.0,100.0,6233.120117,673.039978,3869.47998,3657.370117,129.254547,4.657
435,2022-03-12,177.0,100.0,6233.120117,673.039978,3869.47998,3657.370117,129.254547,4.657
436,2022-03-13,167.0,100.0,6233.120117,673.039978,3869.47998,3657.370117,129.254547,4.657
437,2022-03-14,160.0,100.0,6298.959961,677.23999,3932.689941,3694.76001,132.27272,4.705
438,2022-03-15,166.0,100.0,6294.720215,666.219971,3948.580078,3723.22998,133.709091,4.679
439,2022-03-16,147.0,100.0,6484.330078,688.25,4031.290039,3766.790039,136.363632,4.625
440,2022-03-17,138.0,100.0,6617.22998,708.73999,4108.669922,3901.699951,137.800003,4.747
441,2022-03-18,138.0,100.0,6613.950195,709.950012,4107.709961,3886.48999,138.818176,4.93
442,2022-03-19,142.0,100.0,6613.950195,709.950012,4107.709961,3886.48999,138.818176,4.93
443,2022-03-20,137.0,100.0,6613.950195,709.950012,4107.709961,3886.48999,138.818176,4.93
444,2022-03-21,135.7,100.0,6608.790039,715.419983,4131.419922,3900.840088,138.199997,4.909
445,2022-03-22,145.32,100.0,6586.649902,722.190002,4140.669922,3886.26001,137.27272,4.948
446,2022-03-23,164.02,100.0,6674.680176,730.840027,4181.330078,3934.129883,139.090912,5.147
447,2022-03-24,142.5,100.0,6593.149902,722.090027,4140.810059,3874.320068,140.581818,5.115
448,2022-03-25,149.15,100.0,6569.450195,721.150024,4123.290039,3871.340088,143.963638,5.401
449,2022-03-26,171.28,100.0,6569.450195,721.150024,4123.290039,3871.340088,143.963638,5.401
450,2022-03-27,193.69,100.0,6569.450195,721.150024,4123.290039,3871.340088,143.963638,5.401
451,2022-03-28,161.04,100.0,6578.720215,724.359985,4125.72998,3870.330078,144.436356,5.551
452,2022-03-29,188.72,100.0,6675.149902,729.599976,4173.180176,3906.469971,145.472733,5.453
453,2022-03-30,187.73,100.0,6771.089844,735.530029,4191.430176,3997.459961,143.654541,5.329
454,2022-03-31,182.0,100.0,6759.419922,732.590027,4204.77002,3964.01001,145.199997,5.575
455,2022-04-01,173.72,120.0,6672.97998,725.98999,4178.319824,3906.570068,144.872726,5.627
456,2022-04-02,171.34,120.0,6672.97998,725.98999,4178.319824,3906.570068,144.872726,5.627
457,2022-04-03,198.34,120.0,6672.97998,725.98999,4178.319824,3906.570068,144.872726,5.627
458,2022-04-04,189.52,120.0,6709.600098,732.179993,4210.069824,3925.27002,145.672729,5.745
459,2022-04-05,106.05,120.0,6731.339844,741.309998,4228.930176,3952.580078,146.745453,5.782
460,2022-04-06,124.23,120.0,6634.830078,734.179993,4237.319824,3915.530029,146.818176,6.078
461,2022-04-07,184.38,120.0,6530.819824,722.070007,4177.160156,3836.459961,146.199997,6.116
462,2022-04-08,182.56,120.0,6540.200195,725.349976,4191.0,3812.080078,147.181824,6.411
463,2022-04-09,175.43,120.0,6540.200195,725.349976,4191.0,3812.080078,147.181824,6.411
464,2022-04-10,160.17,120.0,6540.200195,725.349976,4191.0,3812.080078,147.181824,6.411
465,2022-04-11,179.11,120.0,6558.529785,717.75,4198.580078,3845.699951,147.27272,6.394
466,2022-04-12,208.24,120.0,6454.25,708.330017,4139.709961,3818.76001,147.818176,6.705
467,2022-04-13,206.68,120.0,6519.160156,713.22998,4168.890137,3827.469971,147.181824,6.704
468,2022-04-14,179.26,120.0,6557.660156,719.659973,4193.509766,3834.330078,147.454544,7.046
469,2022-04-15,165.45,120.0,6557.660156,719.659973,4193.509766,3834.330078,147.454544,7.046
470,2022-04-16,181.34,120.0,6557.660156,719.659973,4193.509766,3834.330078,147.454544,7.046
471,2022-04-17,169.3,120.0,6557.660156,719.659973,4193.509766,3834.330078,147.454544,7.046
472,2022-04-18,148.0,120.0,6557.660156,719.659973,4193.509766,3834.330078,147.454544,7.367
473,2022-04-19,112.0,120.0,6545.970215,716.369995,4208.299805,3842.070068,147.236359,7.776
474,2022-04-20,126.79,120.0,6557.959961,721.73999,4216.970215,3835.159912,146.690903,7.253
475,2022-04-21,107.64,120.0,6642.709961,727.210022,4257.509766,3901.330078,148.418182,6.825
476,2022-04-22,147.0,20.0,6618.689941,718.549988,4212.040039,3905.800049,147.05455,6.938
477,2022-04-23,125.0,20.0,6618.689941,718.549988,4212.040039,3905.800049,147.05455,6.938
478,2022-04-24,119.0,20.0,6618.689941,718.549988,4212.040039,3905.800049,147.05455,6.938
479,2022-04-25,118.21,20.0,6450.899902,700.950012,4117.959961,3826.959961,145.0,6.414
480,2022-04-26,121.97,20.0,6520.009766,711.23999,4163.529785,3769.659912,146.290909,6.836
481,2022-04-27,87.0,20.0,6427.399902,693.75,4089.409912,3719.350098,146.381821,6.858
482,2022-04-28,113.0,20.0,6520.529785,704.01001,4124.5,3750.209961,148.636368,7.395
483,2022-04-29,56.19,20.0,6557.660156,712.390015,4120.080078,3785.580078,149.818176,6.939
484,2022-04-30,140.91,20.0,6557.660156,712.390015,4120.080078,3785.580078,149.818176,6.939
485,2022-05-01,95.34,20.0,6557.660156,712.390015,4120.080078,3785.580078,149.818176,6.939
486,2022-05-02,108.49,20.0,6469.310059,702.52002,4068.379883,3772.909912,149.818176,7.412
487,2022-05-03,98.1,20.0,6463.72998,701.73999,4071.77002,3738.48999,148.181824,7.54
488,2022-05-04,89.54,20.0,6482.259766,706.98999,4090.899902,3758.439941,149.0,7.815
489,2022-05-05,58.14,20.0,6549.490234,713.400024,4137.060059,3744.909912,150.709091,8.355
490,2022-05-06,65.23,20.0,6318.660156,692.280029,4078.280029,3678.850098,148.690903,8.843
491,2022-05-07,81.0,20.0,6318.660156,692.280029,4078.280029,3678.850098,148.690903,8.843
492,2022-05-08,65.08,20.0,6318.660156,692.280029,4078.280029,3678.850098,148.690903,8.843
493,2022-05-09,53.48,20.0,6207.149902,677.820007,3993.610107,3618.449951,145.454544,7.843
494,2022-05-10,63.8,20.0,6151.52002,671.859985,3866.080078,3537.659912,143.654541,7.03
495,2022-05-11,37.95,20.0,6173.100098,675.359985,3927.790039,3575.159912,144.327271,7.312
496,2022-05-12,1.18,20.0,6130.689941,663.690002,3888.860107,3617.709961,142.490906,7.637
497,2022-05-13,1.0,20.0,6250.160156,682.369995,3972.129883,3628.25,144.163635,7.673
498,2022-05-14,1.0,20.0,6250.160156,682.369995,3972.129883,3628.25,144.163635,7.673
499,2022-05-15,0.85,20.0,6250.160156,682.369995,3972.129883,3628.25,144.163635,7.673
500,2022-05-16,1.0,20.0,6315.680176,690.080017,3931.179932,3695.780029,144.290909,7.7
501,2022-05-17,14.0,20.0,6379.339844,699.820007,3983.939941,3696.01001,146.618179,8.016
502,2022-05-18,24.0,20.0,6440.299805,703.22998,4018.75,3745.23999,148.236359,8.318
503,2022-05-19,21.0,120.0,6279.689941,681.650024,3918.659912,3662.530029,145.618179,8.24
504,2022-05-20,18.0,120.0,6305.459961,681.289978,3928.72998,3650.090088,146.563629,8.112
505,2022-05-21,21.0,120.0,6305.459961,681.289978,3928.72998,3650.090088,146.563629,8.112
506,2022-05-22,8.0,120.0,6305.459961,681.289978,3928.72998,3650.090088,146.563629,8.112
507,2022-05-23,59.0,120.0,6350.879883,692.219971,3965.889893,3669.530029,147.690903,8.079
508,2022-05-24,116.29,120.0,6282.319824,685.469971,3896.169922,3700.120117,147.018188,8.727
509,2022-05-25,152.28,120.0,6296.279785,684.830017,3919.040039,3652.389893,147.127274,8.831
510,2022-05-26,173.71,120.0,6301.490234,684.539978,3915.080078,3652.389893,146.581818,8.984
511,2022-05-27,145.53,120.0,6445.25,694.969971,3924.419922,3744.629883,148.072723,8.811
512,2022-05-28,152.73,120.0,6445.25,694.969971,3924.419922,3744.629883,148.072723,8.811
513,2022-05-29,141.29,120.0,6445.25,694.969971,3924.419922,3744.629883,148.072723,8.811
514,2022-05-30,142.01,120.0,6547.859863,707.48999,3964.449951,3817.709961,151.05455,8.811
515,2022-05-31,139.63,120.0,6539.859863,714.400024,3943.919922,3833.030029,149.563629,8.874
516,2022-06-01,182.96,120.0,6509.189941,714.869995,3911.669922,3800.100098,148.381821,8.271
517,2022-06-02,181.75,120.0,6447.370117,703.150024,3874.919922,3761.189941,145.745453,8.783
518,2022-06-03,171.8,120.0,6545.0,707.359985,3892.129883,3813.290039,149.127274,8.412
519,2022-06-04,156.86,120.0,6545.0,707.359985,3892.129883,3813.290039,149.127274,8.412
520,2022-06-05,176.5,120.0,6545.0,707.359985,3892.129883,3813.290039,149.127274,8.412
521,2022-06-06,201.82,120.0,6533.819824,705.72998,3907.350098,3813.290039,153.220001,8.75
522,2022-06-07,176.34,120.0,6523.160156,708.52002,3894.98999,3830.209961,148.419998,9.359
523,2022-06-08,188.83,120.0,6517.549805,714.01001,3918.48999,3815.77002,147.520004,9.335
524,2022-06-09,169.23,120.0,6412.580078,706.280029,3881.830078,3780.030029,143.899994,8.629
525,2022-06-10,177.04,120.0,6316.410156,694.609985,3831.01001,3716.560059,141.5,8.997
526,2022-06-11,162.14,120.0,6316.410156,694.609985,3831.01001,3716.560059,141.5,8.997
527,2022-06-12,172.15,120.0,6316.410156,694.609985,3831.01001,3716.560059,141.5,8.997
528,2022-06-13,184.04,120.0,6088.049805,670.76001,3727.870117,3581.870117,137.800003,8.92
529,2022-06-14,178.09,120.0,6063.799805,667.679993,3744.389893,3512.040039,138.759995,8.686
530,2022-06-15,175.49,120.0,6022.839844,656.559998,3704.419922,3496.280029,136.320007,7.269
531,2022-06-16,188.12,120.0,6003.660156,658.380005,3729.780029,3528.110107,136.039993,7.54
532,2022-06-17,186.87,120.0,5906.859863,637.210022,3660.919922,3433.560059,131.820007,7.454
533,2022-06-18,220.9,120.0,5906.859863,637.210022,3660.919922,3433.560059,131.820007,7.454
534,2022-06-19,230.59,120.0,5906.859863,637.210022,3660.919922,3433.560059,131.820007,7.454
535,2022-06-20,193.85,120.0,5901.580078,636.75,3721.070068,3443.25,129.699997,7.454
536,2022-06-21,234.55,120.0,5943.52002,645.419983,3739.699951,3469.830078,130.580002,6.8
537,2022-06-22,187.27,120.0,5879.089844,638.159973,3699.070068,3494.0,130.899994,6.844
538,2022-06-23,187.82,120.0,5880.299805,637.219971,3691.669922,3456.350098,128.600006,6.829
539,2022-06-24,167.97,120.0,5918.259766,638.820007,3658.120117,3443.280029,130.800003,6.228
540,2022-06-25,141.22,120.0,5918.259766,638.820007,3658.120117,3443.280029,130.800003,6.228
541,2022-06-26,138.1,120.0,5918.259766,638.820007,3658.120117,3443.280029,130.800003,6.228
542,2022-06-27,136.38,120.0,6105.200195,662.210022,3720.320068,3537.860107,135.820007,6.126
543,2022-06-28,163.83,120.0,6099.149902,674.340027,3761.219971,3545.919922,134.539993,6.449
544,2022-06-29,159.02,120.0,6021.689941,664.090027,3721.050049,3534.820068,133.240005,6.632
545,2022-06-30,144.02,120.0,5926.740234,657.26001,3691.179932,3501.199951,130.539993,6.428
546,2022-07-01,118.62,120.0,5875.600098,651.219971,3662.199951,3450.620117,128.240005,5.701
547,2022-07-02,129.0,120.0,5875.600098,651.219971,3662.199951,3450.620117,128.240005,5.701
548,2022-07-03,149.78,120.0,5875.600098,651.219971,3662.199951,3450.620117,128.240005,5.701
549,2022-07-04,161.03,120.0,5983.97998,659.140015,3740.120117,3458.98999,128.360001,5.701
550,2022-07-05,167.61,120.0,5979.200195,662.789978,3726.179932,3464.389893,128.839996,5.712
551,2022-07-06,187.54,120.0,5872.27002,655.27002,3702.350098,3368.51001,124.18,5.46
552,2022-07-07,152.49,120.0,5985.089844,665.47998,3721.449951,3443.25,127.660004,5.539
553,2022-07-08,170.02,120.0,6007.640137,671.650024,3761.600098,3484.709961,127.519997,6.188
554,2022-07-09,175.99,120.0,6007.640137,671.650024,3761.600098,3484.709961,127.519997,6.188
555,2022-07-10,175.43,120.0,6007.640137,671.650024,3761.600098,3484.709961,127.519997,6.188
556,2022-07-11,154.95,120.0,5923.830078,663.960022,3745.469971,3485.0,126.839996,6.446
557,2022-07-12,167.48,120.0,5960.089844,664.880005,3737.840088,3457.149902,127.459999,6.525
558,2022-07-13,171.87,120.0,6015.529785,670.299988,3736.280029,3481.820068,127.800003,6.252
559,2022-07-14,156.86,120.0,5979.990234,666.380005,3699.659912,3449.340088,125.980003,6.598
560,2022-07-15,151.77,120.0,5935.279785,662.52002,3674.370117,3402.679932,125.040001,6.669
561,2022-07-16,155.4,120.0,5935.279785,662.52002,3674.370117,3402.679932,125.040001,6.669
562,2022-07-17,155.65,120.0,5935.279785,662.52002,3674.370117,3402.679932,125.040001,6.669
563,2022-07-18,134.03,120.0,6070.209961,678.679993,3727.429932,3480.360107,128.020004,7.168
564,2022-07-19,127.57,120.0,6031.600098,674.23999,3715.449951,3498.429932,125.5,7.432
565,2022-07-20,132.41,120.0,6229.790039,688.73999,3801.139893,3583.860107,129.300003,7.312
566,2022-07-21,145.19,120.0,6160.370117,694.48999,3757.27002,3581.719971,128.660004,7.873
567,2022-07-22,87.49,120.0,6174.290039,704.179993,3746.149902,3589.959961,128.139999,7.892
568,2022-07-23,130.08,120.0,6174.290039,704.179993,3746.149902,3589.959961,128.139999,7.892
569,2022-07-24,125.61,120.0,6174.290039,704.179993,3746.149902,3589.959961,128.139999,7.892
570,2022-07-25,137.96,120.0,6198.830078,702.789978,3718.959961,3592.330078,129.020004,8.39
571,2022-07-26,110.55,120.0,6225.169922,708.679993,3742.600098,3602.01001,128.940002,8.814
572,2022-07-27,162.89,120.0,6206.25,711.049988,3754.01001,3583.389893,129.220001,8.881
573,2022-07-28,191.71,120.0,6304.129883,718.619995,3778.550049,3623.290039,130.5,8.58
574,2022-07-29,163.17,120.0,6413.100098,722.72998,3767.850098,3662.699951,134.080002,8.155
575,2022-07-30,163.24,120.0,6413.100098,722.72998,3767.850098,3662.699951,134.080002,8.155
576,2022-07-31,164.95,120.0,6413.100098,722.72998,3767.850098,3662.699951,134.080002,8.155
577,2022-08-01,153.96,120.0,6447.180176,728.679993,3799.23999,3662.699951,133.479996,7.91
578,2022-08-02,153.56,120.0,6424.680176,726.880005,3717.600098,3701.629883,132.460007,8.228
579,2022-08-03,157.81,120.0,6404.100098,726.700012,3712.790039,3687.98999,132.399994,7.671
580,2022-08-04,178.0,120.0,6476.720215,732.559998,3787.340088,3733.52002,132.960007,8.281
581,2022-08-05,163.6,120.0,6512.620117,730.289978,3786.919922,3751.51001,133.839996,8.151
582,2022-08-06,183.05,120.0,6512.620117,730.289978,3786.919922,3751.51001,133.839996,8.151
583,2022-08-07,192.57,120.0,6512.620117,730.289978,3786.919922,3751.51001,133.839996,8.151
584,2022-08-08,197.26,120.0,6510.450195,728.210022,3790.590088,3737.310059,134.0,7.876
585,2022-08-09,184.7,120.0,6514.52002,727.099976,3796.179932,3752.26001,135.300003,7.666
586,2022-08-10,190.38,120.0,6467.100098,712.820007,3798.02002,3714.399902,133.740005,7.858
587,2022-08-11,198.0,120.0,6560.209961,728.539978,3854.659912,3761.449951,135.839996,8.222
588,2022-08-12,147.06,120.0,6553.240234,723.659973,3843.590088,3760.580078,135.199997,8.717
589,2022-08-13,159.72,120.0,6553.240234,723.659973,3843.590088,3760.580078,135.199997,8.717
590,2022-08-14,149.34,120.0,6553.240234,723.659973,3843.590088,3760.580078,135.199997,8.717
591,2022-08-15,153.88,120.0,6582.629883,729.669983,3859.830078,3782.189941,136.399994,8.679
592,2022-08-16,147.87,120.0,6580.990234,731.429993,3874.919922,3796.040039,137.5,8.809
593,2022-08-17,151.31,120.0,6608.640137,730.580017,3861.459961,3806.929932,135.960007,9.362
594,2022-08-18,115.56,120.0,6530.580078,719.030029,3818.25,3755.850098,135.440002,9.166
595,2022-08-19,108.38,120.0,6520.439941,722.169983,3781.110107,3772.25,135.399994,9.201
596,2022-08-20,146.75,120.0,6520.439941,722.169983,3781.110107,3772.25,135.399994,9.201
597,2022-08-21,140.99,120.0,6520.439941,722.169983,3781.110107,3772.25,135.399994,9.201
598,2022-08-22,107.53,120.0,6448.810059,714.070007,3764.159912,3724.139893,135.320007,9.174
599,2022-08-23,134.01,120.0,6331.169922,706.890015,3720.52002,3654.040039,131.520004,9.817
600,2022-08-24,108.59,120.0,6332.430176,708.22998,3697.179932,3651.050049,130.839996,9.25
601,2022-08-25,124.82,120.0,6432.160156,717.719971,3748.810059,3670.570068,133.399994,9.239
602,2022-08-26,120.98,120.0,6420.75,720.320007,3738.48999,3682.02002,132.860001,9.372
603,2022-08-27,140.14,120.0,6420.75,720.320007,3738.48999,3682.02002,132.860001,9.372
604,2022-08-28,136.81,120.0,6420.75,720.320007,3738.48999,3682.02002,132.860001,9.372
605,2022-08-29,144.54,120.0,6199.109863,695.969971,3629.399902,3600.47998,129.0,9.67
606,2022-08-30,97.85,120.0,6243.080078,700.580017,3652.530029,3576.889893,128.639999,9.262
607,2022-08-31,99.36,120.0,6226.990234,695.929993,3649.949951,3571.969971,127.900002,9.082
608,2022-09-01,89.1,120.0,6068.339844,674.960022,3561.070068,3514.48999,124.860001,9.133
609,2022-09-02,99.9,120.0,6075.72998,673.190002,3565.719971,3466.659912,123.199997,9.19
610,2022-09-03,84.69,120.0,6075.72998,673.190002,3565.719971,3466.659912,123.199997,9.19
611,2022-09-04,99.33,120.0,6075.72998,673.190002,3565.719971,3466.659912,123.199997,9.19
612,2022-09-05,92.24,120.0,6048.220215,668.710022,3544.469971,3532.77002,122.220001,9.19
613,2022-09-06,81.23,120.0,6083.02002,672.580017,3574.790039,3490.159912,120.739998,9.028
614,2022-09-07,88.23,120.0,6059.640137,667.650024,3548.689941,3495.02002,121.099998,8.039
615,2022-09-08,81.8,120.0,6136.930176,673.650024,3606.310059,3510.909912,124.0,7.841
616,2022-09-09,87.48,120.0,6140.870117,675.960022,3638.050049,3512.709961,122.440002,7.975
617,2022-09-10,157.77,120.0,6140.870117,675.960022,3638.050049,3512.709961,122.440002,7.975
618,2022-09-11,136.78,120.0,6140.870117,675.960022,3638.050049,3512.709961,122.440002,7.975
619,2022-09-12,157.95,120.0,6242.459961,687.820007,3672.51001,3579.179932,123.879997,8.026
620,2022-09-13,132.07,120.0,6360.310059,698.679993,3724.219971,3649.23999,127.0,8.381
621,2022-09-14,143.95,120.0,6210.77002,679.47998,3624.080078,3583.879883,123.980003,8.391
622,2022-09-15,136.75,120.0,6212.209961,680.450012,3603.080078,3566.469971,123.800003,9.073
623,2022-09-16,127.25,120.0,6100.790039,668.98999,3575.570068,3532.199951,121.739998,8.298
624,2022-09-17,112.14,120.0,6100.790039,668.98999,3575.570068,3532.199951,121.739998,8.298
625,2022-09-18,111.17,120.0,6100.790039,668.98999,3575.570068,3532.199951,121.739998,8.298
626,2022-09-19,109.6,120.0,6049.0,661.780029,3579.73999,3499.780029,121.559998,7.737
627,2022-09-20,109.91,120.0,6084.410156,667.140015,3601.100098,3500.419922,121.32,7.864
628,2022-09-21,114.86,120.0,5928.5,657.789978,3535.98999,3461.300049,117.800003,7.735
629,2022-09-22,111.0,120.0,5928.540039,658.76001,3499.949951,3476.22998,119.879997,7.731
630,2022-09-23,125.94,120.0,5906.180176,654.210022,3487.48999,3427.139893,118.459999,7.182
631,2022-09-24,125.51,120.0,5906.180176,654.210022,3487.48999,3427.139893,118.459999,7.182
632,2022-09-25,126.55,120.0,5906.180176,654.210022,3487.48999,3427.139893,118.459999,7.182
633,2022-09-26,117.73,120.0,5744.490234,638.140015,3383.459961,3343.199951,117.019997,6.844
634,2022-09-27,100.29,120.0,5809.819824,645.570007,3410.550049,3349.939941,118.32,6.936
635,2022-09-28,67.69,120.0,5692.540039,633.659973,3354.530029,3322.590088,115.5,6.666
636,2022-09-29,1.51,120.0,5746.290039,639.280029,3358.689941,3332.800049,117.580002,7.029
637,2022-09-30,12.73,120.0,5712.200195,636.23999,3337.169922,3282.0,116.900002,6.895
638,2022-10-01,1.22,120.0,5712.200195,636.23999,3337.169922,3282.0,116.900002,6.895
639,2022-10-02,4.69,120.0,5712.200195,636.23999,3337.169922,3282.0,116.900002,6.895
640,2022-10-03,1.07,0.0,5697.470215,633.47998,3329.820068,3309.02002,116.739998,6.8
641,2022-10-04,8.57,0.0,5859.450195,653.150024,3419.560059,3359.709961,119.300003,6.526
642,2022-10-05,24.28,0.0,6006.120117,666.609985,3466.669922,3479.23999,122.0,6.83
643,2022-10-06,78.38,0.0,6004.109863,667.210022,3467.570068,3455.280029,122.059998,6.921
644,2022-10-07,79.36,0.0,5911.959961,655.869995,3421.47998,3419.310059,119.419998,6.856
645,2022-10-08,78.79,0.0,5911.959961,655.869995,3421.47998,3419.310059,119.419998,6.856
646,2022-10-09,81.72,0.0,5911.959961,655.869995,3421.47998,3419.310059,119.419998,6.856
647,2022-10-10,82.62,0.0,5806.569824,640.419983,3343.870117,3367.860107,116.860001,6.647
648,2022-10-11,84.63,0.0,5796.830078,636.599976,3348.419922,3352.540039,117.800003,6.512
649,2022-10-12,85.43,0.0,5842.100098,633.289978,3336.949951,3339.5,117.5,6.601
650,2022-10-13,84.81,0.0,5792.540039,627.26001,3301.310059,3321.179932,117.099998,6.439
651,2022-10-14,82.9,0.0,5965.799805,640.880005,3396.610107,3371.709961,120.040001,6.684
652,2022-10-15,83.08,0.0,5965.799805,640.880005,3396.610107,3371.709961,120.040001,6.684
653,2022-10-16,85.91,0.0,5965.799805,640.880005,3396.610107,3371.709961,120.040001,6.684
654,2022-10-17,82.23,120.0,5949.649902,631.809998,3390.300049,3382.120117,118.860001,6.263
655,2022-10-18,71.33,120.0,6098.600098,645.280029,3478.860107,3449.949951,120.220001,5.978
656,2022-10-19,74.47,120.0,6092.77002,647.820007,3501.409912,3466.709961,120.32,5.686
657,2022-10-20,81.91,120.0,6046.810059,643.669983,3420.459961,3467.570068,120.379997,5.456
658,2022-10-21,98.92,120.0,6021.580078,647.059998,3427.219971,3477.27002,121.779999,5.322
659,2022-10-22,111.76,120.0,6021.580078,647.059998,3427.219971,3477.27002,121.779999,5.322
660,2022-10-23,102.93,120.0,6021.580078,647.059998,3427.219971,3477.27002,121.779999,5.322
661,2022-10-24,100.36,120.0,6076.200195,653.190002,3482.689941,3488.780029,123.080002,4.97
662,2022-10-25,78.85,120.0,6172.649902,658.169983,3516.610107,3536.919922,129.199997,5.187
663,2022-10-26,76.52,120.0,6244.640137,661.289978,3524.899902,3586.469971,132.800003,5.729
664,2022-10-27,71.31,120.0,6253.850098,664.929993,3541.790039,3604.949951,132.559998,5.703
665,2022-10-28,102.33,120.0,6192.180176,659.710022,3512.389893,3594.600098,130.740005,5.848
666,2022-10-29,98.36,120.0,6192.180176,659.710022,3512.389893,3594.600098,130.740005,5.848
667,2022-10-30,101.71,120.0,6192.180176,659.710022,3512.389893,3594.600098,130.740005,5.848
668,2022-10-31,104.27,120.0,6279.700195,671.52002,3561.330078,3622.550049,134.020004,5.832
669,2022-11-01,86.41,120.0,6329.759766,675.280029,3589.120117,3628.600098,133.300003,6.27
670,2022-11-02,96.42,120.0,6351.310059,673.5,3585.52002,3653.419922,132.520004,5.829
671,2022-11-03,96.05,120.0,6209.629883,658.900024,3520.620117,3596.070068,126.839996,6.202
672,2022-11-04,107.91,120.0,6291.390137,664.179993,3553.959961,3601.919922,131.080002,5.935
673,2022-11-05,104.97,120.0,6291.390137,664.179993,3553.959961,3601.919922,131.080002,5.935
674,2022-11-06,108.24,120.0,6291.390137,664.179993,3553.959961,3601.919922,131.080002,5.935
675,2022-11-07,92.75,120.0,6379.490234,668.830017,3586.169922,3682.459961,132.899994,6.98
676,2022-11-08,89.96,120.0,6391.75,674.140015,3606.810059,3704.199951,133.660004,6.687
677,2022-11-09,87.52,120.0,6426.799805,680.51001,3607.290039,3735.469971,134.759995,6.19
678,2022-11-10,84.93,120.0,6396.589844,670.570007,3585.429932,3717.689941,133.399994,5.95
679,2022-11-11,101.38,120.0,6612.930176,707.789978,3680.429932,3873.070068,137.380005,6.165
680,2022-11-12,99.44,120.0,6612.930176,707.789978,3680.429932,3873.070068,137.380005,6.165
681,2022-11-13,116.58,120.0,6612.930176,707.789978,3680.429932,3873.070068,137.380005,6.165
682,2022-11-14,87.1,120.0,6622.419922,706.440002,3671.209961,3873.51001,135.860001,6.119
683,2022-11-15,84.92,120.0,6626.819824,710.440002,3673.73999,3896.290039,137.279999,6.065
684,2022-11-16,84.89,120.0,6647.399902,716.190002,3656.570068,3911.679932,137.419998,6.138
685,2022-11-17,83.18,120.0,6624.470215,710.590027,3621.699951,3890.169922,136.839996,6.205
686,2022-11-18,84.65,120.0,6620.580078,710.72998,3613.219971,3889.560059,135.580002,6.383
687,2022-11-19,90.72,120.0,6620.580078,710.72998,3613.219971,3889.560059,135.580002,6.383
688,2022-11-20,114.02,120.0,6620.580078,710.72998,3613.219971,3889.560059,135.580002,6.383
689,2022-11-21,140.38,120.0,6625.100098,711.719971,3639.830078,3915.659912,136.059998,6.333
690,2022-11-22,153.71,120.0,6643.700195,711.140015,3645.889893,3903.800049,135.820007,6.703
691,2022-11-23,128.74,120.0,6677.970215,718.929993,3666.550049,3938.570068,137.160004,6.9
692,2022-11-24,87.28,120.0,6683.439941,720.01001,3662.439941,3948.780029,139.979996,6.9
693,2022-11-25,125.71,120.0,6710.359863,721.309998,3703.459961,3962.26001,141.660004,7.332
694,2022-11-26,141.83,120.0,6710.359863,721.309998,3703.459961,3962.26001,141.660004,7.332
695,2022-11-27,156.65,120.0,6710.359863,721.309998,3703.459961,3962.26001,141.660004,7.332
696,2022-11-28,128.71,120.0,6678.109863,716.72998,3697.439941,3952.709961,140.899994,6.87
697,2022-11-29,125.55,120.0,6686.959961,723.76001,3681.129883,3941.550049,140.580002,7.319
698,2022-11-30,126.03,120.0,6706.669922,721.669983,3685.290039,3945.709961,139.839996,7.264
699,2022-12-01,127.85,120.0,6784.600098,731.72998,3705.530029,3970.679932,139.479996,6.966
700,2022-12-02,122.61,120.0,6728.859863,728.849976,3686.330078,3974.159912,139.059998,6.829
701,2022-12-03,119.07,120.0,6728.859863,728.849976,3686.330078,3974.159912,139.059998,6.829
702,2022-12-04,124.09,120.0,6728.859863,728.849976,3686.330078,3974.159912,139.059998,6.829
703,2022-12-05,112.95,120.0,6728.709961,730.460022,3747.030029,3973.449951,140.5,5.9
704,2022-12-06,109.01,120.0,6677.490234,725.840027,3729.709961,3953.5,140.080002,5.642
705,2022-12-07,119.06,120.0,6687.339844,719.700012,3705.389893,3929.709961,138.100006,5.388
706,2022-12-08,102.5,120.0,6677.0,719.26001,3702.590088,3926.169922,138.240005,5.814
707,2022-12-09,103.94,120.0,6671.779785,722.840027,3704.290039,3926.590088,135.5,5.93
708,2022-12-10,126.67,120.0,6671.779785,722.840027,3704.290039,3926.590088,135.5,5.93
709,2022-12-11,124.13,120.0,6671.779785,722.840027,3704.290039,3926.590088,135.5,5.93
710,2022-12-12,108.65,120.0,6647.899902,719.200012,3709.939941,3931.590088,136.360001,6.95
711,2022-12-13,99.82,120.0,6672.220215,724.76001,3703.280029,3926.360107,136.639999,6.534
712,2022-12-14,90.42,120.0,6727.75,729.849976,3730.969971,3980.709961,138.119995,6.951
713,2022-12-15,110.33,120.0,6674.290039,723.26001,3731.969971,3950.02002,137.179993,6.371
714,2022-12-16,116.2,120.0,6505.629883,705.349976,3704.629883,3831.0,134.0,6.888
715,2022-12-17,112.58,120.0,6505.629883,705.349976,3704.629883,3831.0,134.0,6.888
716,2022-12-18,114.39,120.0,6505.629883,705.349976,3704.629883,3831.0,134.0,6.888
717,2022-12-19,115.53,120.0,6470.930176,702.820007,3660.870117,3808.530029,133.520004,6.154
718,2022-12-20,116.64,120.0,6418.689941,694.340027,3645.929932,3790.580078,132.539993,5.832
719,2022-12-21,120.98,120.0,6469.109863,699.710022,3684.939941,3810.870117,133.660004,5.389
720,2022-12-22,126.25,120.0,6587.5,711.349976,3746.22998,3870.97998,135.339996,5.465
721,2022-12-23,127.56,120.0,6513.200195,700.789978,3729.899902,3823.699951,133.619995,5.093
722,2022-12-24,127.68,120.0,6513.200195,700.789978,3729.899902,3823.699951,133.619995,5.093
723,2022-12-25,124.55,120.0,6513.200195,700.789978,3729.899902,3823.699951,133.619995,5.093
724,2022-12-26,141.39,120.0,6513.200195,700.789978,3729.899902,3823.699951,133.619995,5.093
725,2022-12-27,124.82,120.0,6559.629883,705.719971,3747.330078,3826.98999,134.580002,5.283
726,2022-12-28,122.16,120.0,6561.5,700.679993,3723.159912,3833.449951,133.979996,5.183
727,2022-12-29,124.76,120.0,6486.649902,694.090027,3699.790039,3803.23999,133.580002,4.767
728,2022-12-30,130.79,120.0,6533.120117,697.75,3731.590088,3845.919922,133.779999,4.558
729,2022-12-31,136.0,120.0,6533.120117,697.75,3731.590088,3845.919922,133.779999,4.558
730,2023-01-01,136.0,200.0,6533.120117,697.75,3731.590088,3845.919922,133.779999,4.558
731,2023-01-02,156.32,200.0,6521.069824,697.109985,3726.800049,3845.919922,133.740005,4.558
732,2023-01-03,136.24,200.0,6580.089844,702.48999,3749.379883,3852.070068,134.759995,4.393
733,2023-01-04,140.74,200.0,6660.600098,709.960022,3784.080078,3891.040039,135.600006,4.008
734,2023-01-05,161.33,200.0,6744.5,715.919983,3818.02002,3967.01001,138.039993,4.155
735,2023-01-06,126.62,200.0,6772.939941,715.919983,3819.719971,3959.959961,137.979996,3.764
736,2023-01-07,133.34,200.0,6772.939941,715.919983,3819.719971,3959.959961,137.979996,3.764
737,2023-01-08,153.83,200.0,6772.939941,715.919983,3819.719971,3959.959961,137.979996,3.764
738,2023-01-09,162.07,200.0,6861.589844,730.599976,3857.939941,4027.51001,141.919998,3.81
739,2023-01-10,131.16,200.0,6882.009766,730.409973,3851.300049,4052.620117,143.179993,3.911
740,2023-01-11,126.43,200.0,6879.100098,734.880005,3859.570068,4062.379883,141.979996,3.575
741,2023-01-12,144.79,200.0,6947.339844,738.289978,3905.110107,4104.140137,145.039993,3.694
742,2023-01-13,174.05,200.0,6989.589844,744.98999,3915.429932,4129.109863,143.559998,3.677
743,2023-01-14,164.01,200.0,6989.589844,744.98999,3915.429932,4129.109863,143.559998,3.677
744,2023-01-15,184.97,200.0,6989.589844,744.98999,3915.429932,4129.109863,143.559998,3.677
745,2023-01-16,162.44,200.0,7036.47998,748.940002,3944.040039,4155.740234,143.339996,3.677
746,2023-01-17,147.41,200.0,7036.910156,745.869995,3950.530029,4153.930176,144.300003,3.557
